absolute_error_m3,cluster_count,cluster_distribution_top10,dataset,eps,min_points,noise_points,noise_ratio,pdi_status,percent_error,points_after_outlier,points_after_voxel,points_final,selected_cluster_ids,timing_memory,volume_m3,voxel_loss_ratio,voxel_size
50.1775,130,"[184286, 86550, 41731, 10008, 5181, 2467, 1687, 1448, 1236, 1089]",set1,0.35,20,184,0.000527,ok,41.905378,398562,349058,270836,"[34, 1]","[{""stage"": ""voxel_down_sample"", ""time_seconds"": 0.421629, ""python_tracemalloc_current_mb"": 5.3e-05, ""python_tracemalloc_peak_mb"": 6.1e-05}, {""stage"": ""dbscan"", ""time_seconds"": 104.467008, ""python_tracemalloc_current_mb"": 2.663307, ""python_tracemalloc_peak_mb"": 2.66375}]",69.5625,0.124207,0.01
49.4588,117,"[77869, 41722, 20929, 8472, 2178, 2160, 1302, 907, 842, 624]",set1,0.35,20,402,0.002405,ok,41.305161,398562,167185,119591,"[33, 1]","[{""stage"": ""voxel_down_sample"", ""time_seconds"": 0.441816, ""python_tracemalloc_current_mb"": 9.9e-05, ""python_tracemalloc_peak_mb"": 9.9e-05}, {""stage"": ""dbscan"", ""time_seconds"": 9.754238, ""python_tracemalloc_current_mb"": 1.275726, ""python_tracemalloc_peak_mb"": 1.276169}]",70.2812,0.58053,0.02
48.1775,96,"[40534, 22748, 11372, 6044, 1642, 1221, 854, 814, 587, 571]",set1,0.35,20,695,0.007423,ok,40.235093,398562,93632,63282,"[31, 1]","[{""stage"": ""voxel_down_sample"", ""time_seconds"": 0.095338, ""python_tracemalloc_current_mb"": 5.3e-05, ""python_tracemalloc_peak_mb"": 6.1e-05}, {""stage"": ""dbscan"", ""time_seconds"": 2.7989, ""python_tracemalloc_current_mb"": 0.714561, ""python_tracemalloc_peak_mb"": 0.715004}]",71.5625,0.765075,0.03
48.5212,79,"[24701, 14244, 7134, 4244, 1246, 824, 680, 626, 574, 480]",set1,0.35,20,801,0.013347,ok,40.522131,398562,60015,38945,"[20, 1]","[{""stage"": ""voxel_down_sample"", ""time_seconds"": 0.077703, ""python_tracemalloc_current_mb"": 5.3e-05, ""python_tracemalloc_peak_mb"": 6.1e-05}, {""stage"": ""dbscan"", ""time_seconds"": 0.986324, ""python_tracemalloc_current_mb"": 0.458084, ""python_tracemalloc_peak_mb"": 0.458527}]",71.2188,0.849421,0.04
49.3338,68,"[16804, 9767, 4878, 3143, 954, 561, 530, 512, 473, 384]",set1,0.35,20,954,0.022648,ok,41.200768,398562,42123,26571,"[2, 1]","[{""stage"": ""voxel_down_sample"", ""time_seconds"": 0.049585, ""python_tracemalloc_current_mb"": 5.3e-05, ""python_tracemalloc_peak_mb"": 6.1e-05}, {""stage"": ""dbscan"", ""time_seconds"": 0.671167, ""python_tracemalloc_current_mb"": 0.321579, ""python_tracemalloc_peak_mb"": 0.322021}]",70.4062,0.894313,0.05
47.7088,60,"[12247, 7156, 3552, 2402, 533, 450, 417, 407, 373, 321]",set1,0.35,20,1008,0.032036,ok,39.843661,398562,31465,19403,"[14, 1]","[{""stage"": ""voxel_down_sample"", ""time_seconds"": 0.036897, ""python_tracemalloc_current_mb"": 5.3e-05, ""python_tracemalloc_peak_mb"": 6.1e-05}, {""stage"": ""dbscan"", ""time_seconds"": 0.268064, ""python_tracemalloc_current_mb"": 0.240265, ""python_tracemalloc_peak_mb"": 0.240707}]",72.0312,0.921054,0.06
47.5525,51,"[9343, 5458, 2692, 1817, 428, 408, 350, 345, 286, 256]",set1,0.35,20,1089,0.044633,ok,39.713128,398562,24399,14801,"[12, 1]","[{""stage"": ""voxel_down_sample"", ""time_seconds"": 0.030471, ""python_tracemalloc_current_mb"": 5.3e-05, ""python_tracemalloc_peak_mb"": 6.1e-05}, {""stage"": ""dbscan"", ""time_seconds"": 0.158786, ""python_tracemalloc_current_mb"": 0.186356, ""python_tracemalloc_peak_mb"": 0.186798}]",72.1875,0.938782,0.07
47.9744,42,"[7402, 4272, 2231, 1505, 366, 326, 295, 280, 245, 207]",set1,0.35,20,1119,0.05671,ok,40.065475,398562,19732,11674,"[10, 1]","[{""stage"": ""voxel_down_sample"", ""time_seconds"": 0.029237, ""python_tracemalloc_current_mb"": 5.3e-05, ""python_tracemalloc_peak_mb"": 6.1e-05}, {""stage"": ""dbscan"", ""time_seconds"": 0.108326, ""python_tracemalloc_current_mb"": 0.150749, ""python_tracemalloc_peak_mb"": 0.151192}]",71.7656,0.950492,0.08
48.0369,38,"[5965, 3502, 1741, 1227, 284, 282, 248, 240, 213, 196]",set1,0.35,20,1084,0.067034,ok,40.117672,398562,16171,9467,"[5, 1]","[{""stage"": ""voxel_down_sample"", ""time_seconds"": 0.024472, ""python_tracemalloc_current_mb"": 5.3e-05, ""python_tracemalloc_peak_mb"": 6.1e-05}, {""stage"": ""dbscan"", ""time_seconds"": 0.072295, ""python_tracemalloc_current_mb"": 0.123581, ""python_tracemalloc_peak_mb"": 0.124023}]",71.7031,0.959427,0.09
48.5212,34,"[4923, 2934, 1464, 1023, 247, 241, 219, 177, 166, 164]",set1,0.35,20,1137,0.083517,ok,40.522131,398562,13614,7857,"[6, 0]","[{""stage"": ""voxel_down_sample"", ""time_seconds"": 0.023292, ""python_tracemalloc_current_mb"": 5.3e-05, ""python_tracemalloc_peak_mb"": 6.1e-05}, {""stage"": ""dbscan"", ""time_seconds"": 0.05559, ""python_tracemalloc_current_mb"": 0.104073, ""python_tracemalloc_peak_mb"": 0.104515}]",71.2188,0.965842,0.1
79.99,31,"[16063, 14269, 3812, 825, 370, 353, 197, 184, 182, 171]",set2,0.35,20,104,0.002756,ok,66.803073,364166,37733,30332,"[10, 22]","[{""stage"": ""voxel_down_sample"", ""time_seconds"": 0.261232, ""python_tracemalloc_current_mb"": 5.3e-05, ""python_tracemalloc_peak_mb"": 6.1e-05}, {""stage"": ""dbscan"", ""time_seconds"": 5.029376, ""python_tracemalloc_current_mb"": 0.288086, ""python_tracemalloc_peak_mb"": 0.288528}]",39.75,0.896385,0.01
79.1619,28,"[11995, 4223, 1713, 343, 271, 253, 161, 143, 125, 97]",set2,0.35,20,158,0.007766,ok,66.111492,364166,20344,16218,"[11, 10]","[{""stage"": ""voxel_down_sample"", ""time_seconds"": 0.022603, ""python_tracemalloc_current_mb"": 9.9e-05, ""python_tracemalloc_peak_mb"": 9.9e-05}, {""stage"": ""dbscan"", ""time_seconds"": 0.638814, ""python_tracemalloc_current_mb"": 0.155418, ""python_tracemalloc_peak_mb"": 0.155861}]",40.5781,0.944135,0.02
79.2712,22,"[7353, 2076, 913, 183, 160, 147, 103, 87, 82, 52]",set2,0.35,20,205,0.017379,ok,66.202773,364166,11796,9429,"[9, 15]","[{""stage"": ""voxel_down_sample"", ""time_seconds"": 0.018275, ""python_tracemalloc_current_mb"": 5.3e-05, ""python_tracemalloc_peak_mb"": 6.1e-05}, {""stage"": ""dbscan"", ""time_seconds"": 0.185081, ""python_tracemalloc_current_mb"": 0.090202, ""python_tracemalloc_peak_mb"": 0.090645}]",40.4688,0.967608,0.03
79.5681,21,"[4783, 1330, 597, 112, 109, 106, 67, 58, 58, 35]",set2,0.35,20,188,0.024352,ok,66.450727,364166,7720,6113,"[9, 16]","[{""stage"": ""voxel_down_sample"", ""time_seconds"": 0.015807, ""python_tracemalloc_current_mb"": 5.3e-05, ""python_tracemalloc_peak_mb"": 6.1e-05}, {""stage"": ""dbscan"", ""time_seconds"": 0.188714, ""python_tracemalloc_current_mb"": 0.059105, ""python_tracemalloc_peak_mb"": 0.059547}]",40.1719,0.978801,0.04
80.6775,14,"[3502, 926, 421, 87, 72, 70, 44, 34, 31, 22]",set2,0.35,20,308,0.055,ok,67.377234,364166,5600,4428,"[7, 9]","[{""stage"": ""voxel_down_sample"", ""time_seconds"": 0.030429, ""python_tracemalloc_current_mb"": 5.3e-05, ""python_tracemalloc_peak_mb"": 6.1e-05}, {""stage"": ""dbscan"", ""time_seconds"": 0.103925, ""python_tracemalloc_current_mb"": 0.042931, ""python_tracemalloc_peak_mb"": 0.043373}]",39.0625,0.984622,0.05
80.7244,11,"[2609, 669, 276, 61, 55, 50, 38, 31, 31, 21]",set2,0.35,20,342,0.081429,ok,67.416402,364166,4200,3278,"[4, 8]","[{""stage"": ""voxel_down_sample"", ""time_seconds"": 0.020568, ""python_tracemalloc_current_mb"": 5.3e-05, ""python_tracemalloc_peak_mb"": 6.1e-05}, {""stage"": ""dbscan"", ""time_seconds"": 0.068231, ""python_tracemalloc_current_mb"": 0.032249, ""python_tracemalloc_peak_mb"": 0.032692}]",39.0156,0.988467,0.06
80.865,11,"[2110, 555, 208, 33, 31, 31, 29, 25, 23, 22]",set2,0.35,20,337,0.098394,ok,67.533823,364166,3425,2665,"[3, 5]","[{""stage"": ""voxel_down_sample"", ""time_seconds"": 0.014482, ""python_tracemalloc_current_mb"": 5.3e-05, ""python_tracemalloc_peak_mb"": 6.1e-05}, {""stage"": ""dbscan"", ""time_seconds"": 0.015243, ""python_tracemalloc_current_mb"": 0.026337, ""python_tracemalloc_peak_mb"": 0.026779}]",38.875,0.990595,0.07
81.5681,7,"[1722, 405, 173, 58, 41, 23, 21]",set2,0.35,20,388,0.137054,ok,68.121012,364166,2831,2127,"[2, 4]","[{""stage"": ""voxel_down_sample"", ""time_seconds"": 0.013437, ""python_tracemalloc_current_mb"": 5.3e-05, ""python_tracemalloc_peak_mb"": 6.1e-05}, {""stage"": ""dbscan"", ""time_seconds"": 0.010064, ""python_tracemalloc_current_mb"": 0.021805, ""python_tracemalloc_peak_mb"": 0.022247}]",38.1719,0.992226,0.08
88.115,9,"[1244, 329, 219, 133, 32, 25, 24, 22, 21]",set2,0.35,20,332,0.139437,ok,73.588609,364166,2381,1573,"[1, 3]","[{""stage"": ""voxel_down_sample"", ""time_seconds"": 0.014411, ""python_tracemalloc_current_mb"": 5.3e-05, ""python_tracemalloc_peak_mb"": 6.1e-05}, {""stage"": ""dbscan"", ""time_seconds"": 0.00734, ""python_tracemalloc_current_mb"": 0.018372, ""python_tracemalloc_peak_mb"": 0.018814}]",31.625,0.993462,0.09
91.0369,9,"[735, 289, 277, 186, 93, 26, 24, 20, 20]",set2,0.35,20,382,0.18616,ok,76.028812,364166,2052,1024,"[1, 2]","[{""stage"": ""voxel_down_sample"", ""time_seconds"": 0.013908, ""python_tracemalloc_current_mb"": 5.3e-05, ""python_tracemalloc_peak_mb"": 6.1e-05}, {""stage"": ""dbscan"", ""time_seconds"": 0.006118, ""python_tracemalloc_current_mb"": 0.015862, ""python_tracemalloc_peak_mb"": 0.016304}]",28.7031,0.994365,0.1
