bbox_extent_m,bbox_max,bbox_min,bbox_volume_m3,centroid,classification,cluster_id,density_points_per_m3,distance_to_aruco_center_m,distance_to_main_centroid_m,point_count,point_percent_total,rank,selected_by_pipeline,source
"[23.552737, 19.529496, 8.354078]",,,3842.651037,,castillo + fuga dominante (suelo/fondo conectado),0,36.534153,,,140388,95.6713,1,True,validation_result_exact_top10
"[5.082526, 4.594227, 0.896534]",,,20.934314,,suelo / plano bajo,27,25.17398,,,527,0.3591,2,True,validation_result_exact_top10
"[1.172711, 2.024215, 2.374816]",,,5.637387,,vegetacion / fondo vertical,48,63.681984,,,359,0.2447,3,True,validation_result_exact_top10
"[1.429202, 4.25546, 0.304129]",,,1.849687,,suelo / plano bajo,3,189.221169,,,350,0.2385,4,False,validation_result_exact_top10
"[3.389521, 2.069847, 0.727644]",,,5.104998,,suelo / plano bajo,55,67.580825,,,345,0.2351,5,False,validation_result_exact_top10
"[2.047485, 2.248338, 0.498469]",,,2.29467,,suelo / plano bajo,42,143.375739,,,329,0.2242,6,False,validation_result_exact_top10
"[1.146271, 1.466444, 1.540873]",,,2.590119,,vegetacion / fondo vertical,47,107.330971,,,278,0.1895,7,False,validation_result_exact_top10
"[2.037107, 1.086423, 0.594072]",,,1.314776,,suelo / plano bajo,76,209.161039,,,275,0.1874,8,False,validation_result_exact_top10
"[2.427805, 1.745791, 1.023424]",,,4.337719,,vegetacion / fondo vertical,52,57.40344,,,249,0.1697,9,False,validation_result_exact_top10
"[2.355548, 0.49548, 0.701366]",,,0.818583,,suelo / plano bajo,84,262.648862,,,215,0.1465,10,False,validation_result_exact_top10
"[23.884546, 23.188363, 8.951491]","[19.209284, 11.524909, 6.492103]","[-4.675262, -11.663454, -2.459388]",4957.725482,"[7.219782, 2.834809, 2.352425]",castillo + fuga dominante (suelo/fondo conectado),0,17.333957,7.49271,0.0,85937,95.485556,1,True,diagnostic_rederived
"[1.815107, 4.58886, 0.314478]","[11.234654, 2.885376, 6.458817]","[9.419547, -1.703484, 6.14434]",2.619372,"[10.1113, 0.961466, 6.286978]",suelo / plano bajo,10,120.639581,11.494178,5.229818,316,0.351111,2,False,diagnostic_rederived
"[3.486418, 2.068296, 0.731865]","[4.806376, 3.077555, 7.887051]","[1.319958, 1.009259, 7.155185]",5.277441,"[3.272863, 2.01252, 7.535366]",suelo / plano bajo,40,43.013268,8.170571,6.56637,227,0.252222,3,False,diagnostic_rederived
"[1.170811, 1.504191, 1.688907]","[11.34503, 12.343309, 8.536272]","[10.174219, 10.839118, 6.847365]",2.974374,"[10.819621, 11.58539, 7.560642]",vegetacion / fondo vertical,55,69.930684,16.927603,10.800789,208,0.231111,4,False,diagnostic_rederived
"[2.867081, 1.93634, 1.053954]","[19.497984, 2.129582, 2.132232]","[16.630903, 0.193242, 1.078278]",5.851175,"[18.223495, 1.153796, 1.491431]",vegetacion / fondo vertical,15,31.959391,17.798148,11.164623,187,0.207778,5,False,diagnostic_rederived
"[1.636339, 2.244583, 0.539417]","[-4.029762, 5.505099, 0.30674]","[-5.666101, 3.260516, -0.232677]",1.981224,"[-4.878521, 4.370218, 0.033281]",suelo / plano bajo,49,90.852948,6.626325,12.413897,180,0.2,6,False,diagnostic_rederived
"[2.378324, 0.495304, 0.699922]","[-2.811241, -5.865099, -0.620782]","[-5.189565, -6.360403, -1.320704]",0.824503,"[-3.923305, -6.120777, -0.986857]",suelo / plano bajo,20,168.586431,8.023354,14.680657,139,0.154444,7,False,diagnostic_rederived
"[0.775812, 1.859919, 1.448906]","[6.970832, 5.149594, -4.413587]","[6.19502, 3.289675, -5.862493]",2.090695,"[6.65443, 4.256184, -4.983955]",vegetacion / fondo vertical,67,55.005637,8.765029,7.494158,115,0.127778,8,False,diagnostic_rederived
"[1.3967, 0.867024, 1.668131]","[5.387916, 15.081977, 4.399854]","[3.991215, 14.214952, 2.731723]",2.020062,"[4.64783, 14.833247, 3.530317]",vegetacion / fondo vertical,57,35.147437,15.333284,12.327404,71,0.078889,9,False,diagnostic_rederived
"[1.519794, 0.884718, 0.466949]","[-0.191806, -10.76062, -0.896703]","[-1.7116, -11.645338, -1.363652]",0.627854,"[-1.04576, -11.316183, -1.117389]",suelo / plano bajo,12,113.08358,11.969132,16.751399,71,0.078889,10,False,diagnostic_rederived
"[1.630247, 2.195097, 0.287326]","[-0.247121, 8.66433, 0.413733]","[-1.877368, 6.469233, 0.126407]",1.02821,"[-1.027547, 7.598882, 0.279157]",suelo / plano bajo,27,62.244117,7.266736,9.747475,64,0.071111,11,True,diagnostic_rederived
"[0.917049, 0.677024, 0.380211]","[20.819397, 0.806246, 1.851043]","[19.902348, 0.129222, 1.470832]",0.236059,"[20.330429, 0.514421, 1.681876]",suelo / plano bajo,13,254.173298,19.901629,13.331276,60,0.066667,12,False,diagnostic_rederived
"[2.12575, 0.748468, 0.510199]","[-3.546432, -8.052274, -0.881946]","[-5.672182, -8.800742, -1.392145]",0.811756,"[-4.570272, -8.334828, -1.097842]",suelo / plano bajo,18,70.218148,10.245345,16.603328,57,0.063333,13,False,diagnostic_rederived
"[0.309424, 1.16026, 0.364062]","[-2.322165, 10.344852, 0.071793]","[-2.631589, 9.184592, -0.292269]",0.130703,"[-2.505767, 9.752368, -0.100072]",suelo / plano bajo,83,413.15145,9.728873,12.184156,54,0.06,14,False,diagnostic_rederived
"[1.060951, 0.657606, 0.219873]","[15.818355, 0.787451, 1.874867]","[14.757403, 0.129845, 1.654994]",0.153403,"[15.246097, 0.485362, 1.75115]",suelo / plano bajo,80,332.457727,14.849718,8.384699,51,0.056667,15,False,diagnostic_rederived
"[0.615661, 0.516277, 0.396954]","[-1.374434, 9.063575, -0.460874]","[-1.990096, 8.547297, -0.857827]",0.126173,"[-1.710585, 8.820324, -0.622326]",suelo / plano bajo,88,380.431307,8.631441,11.154685,48,0.053333,16,False,diagnostic_rederived
"[0.911835, 0.46165, 0.308372]","[7.378197, 11.734937, -0.356584]","[6.466362, 11.273287, -0.664956]",0.129809,"[6.912432, 11.463524, -0.529645]",suelo / plano bajo,63,362.071609,12.712147,9.102501,47,0.052222,17,False,diagnostic_rederived
"[0.635784, 0.281067, 0.773568]","[5.546582, 14.490911, 3.65169]","[4.910798, 14.209844, 2.878122]",0.138235,"[5.223904, 14.33893, 3.211358]",suelo / plano bajo,60,325.53274,14.971442,11.707523,45,0.05,18,False,diagnostic_rederived
"[0.755341, 0.650533, 0.302111]","[-3.619864, 3.320685, -0.004991]","[-4.375205, 2.670152, -0.307103]",0.14845,"[-3.967077, 2.881527, -0.157261]",suelo / plano bajo,51,296.396507,5.064699,11.465013,44,0.048889,19,False,diagnostic_rederived
"[1.184143, 0.455925, 0.463538]","[1.195595, -8.79273, -0.410142]","[0.011452, -9.248655, -0.87368]",0.250255,"[0.532992, -8.986216, -0.600493]",suelo / plano bajo,14,171.824712,9.50526,13.898543,43,0.047778,20,False,diagnostic_rederived
"[0.30168, 0.316926, 1.183351]","[14.635776, -2.335303, -0.157565]","[14.334096, -2.652229, -1.340915]",0.11314,"[14.507957, -2.539188, -0.790432]",vegetacion / fondo vertical,7,371.220312,14.355637,9.585139,42,0.046667,21,False,diagnostic_rederived
"[0.760212, 0.417463, 0.916099]","[8.983166, 17.065029, 1.766304]","[8.222954, 16.647566, 0.850205]",0.290734,"[8.476323, 16.817309, 1.178976]",suelo / plano bajo,58,134.143401,18.200722,14.087803,39,0.043333,22,False,diagnostic_rederived
"[0.681013, 0.714068, 1.108987]","[11.277433, 8.325816, 8.253285]","[10.59642, 7.611748, 7.144299]",0.539289,"[10.980399, 8.010609, 7.612122]",vegetacion / fondo vertical,75,72.317467,14.973056,8.282244,39,0.043333,23,False,diagnostic_rederived
"[0.958148, 0.276219, 0.211123]","[-1.588062, 3.633174, 7.594012]","[-2.54621, 3.356954, 7.382889]",0.055876,"[-2.012517, 3.491689, 7.49518]",suelo / plano bajo,79,680.082099,8.452259,10.588426,38,0.042222,24,False,diagnostic_rederived
"[0.662855, 1.253921, 0.99388]","[5.323799, 4.715719, -5.086351]","[4.660944, 3.461798, -6.080232]",0.826081,"[5.081694, 4.193204, -5.631918]",suelo / plano bajo,65,46.000322,8.145562,8.376538,38,0.042222,25,False,diagnostic_rederived
"[0.636639, 0.625072, 0.200022]","[16.521778, 9.457108, 3.146773]","[15.885139, 8.832036, 2.946751]",0.079598,"[16.260674, 9.15532, 3.061857]",suelo / plano bajo,81,477.400659,18.239748,11.053954,38,0.042222,26,False,diagnostic_rederived
"[0.655999, 0.264377, 0.624514]","[6.22883, 13.853401, 3.228839]","[5.572831, 13.589025, 2.604325]",0.10831,"[5.880853, 13.744327, 2.866902]",suelo / plano bajo,61,350.844873,14.580292,11.003409,38,0.042222,27,False,diagnostic_rederived
"[0.585475, 0.621589, 0.694543]","[5.529716, -7.007096, 0.329278]","[4.944241, -7.628685, -0.365265]",0.252762,"[5.286021, -7.313272, 0.055653]",suelo / plano bajo,54,142.426572,9.162768,10.582918,36,0.04,28,False,diagnostic_rederived
"[0.45326, 0.251184, 0.542937]","[4.699185, 13.642594, 1.845337]","[4.245925, 13.39141, 1.3024]",0.061814,"[4.490596, 13.523213, 1.586165]",suelo / plano bajo,59,566.211079,13.712944,11.05792,35,0.038889,29,False,diagnostic_rederived
"[0.398099, 0.554502, 0.339035]","[9.205874, 12.572517, 1.265003]","[8.807775, 12.018015, 0.925968]",0.074841,"[8.972587, 12.284283, 1.104972]",suelo / plano bajo,1,440.934724,14.555928,9.691286,33,0.036667,30,False,diagnostic_rederived
"[0.579109, 0.663962, 0.237797]","[-3.835282, 7.724748, -0.630058]","[-4.414391, 7.060785, -0.867855]",0.091434,"[-4.116484, 7.395679, -0.747116]",suelo / plano bajo,32,349.977321,8.331896,12.606332,32,0.035556,31,False,diagnostic_rederived
"[0.616904, 0.559659, 0.192794]","[6.187193, 1.851772, 8.077385]","[5.570289, 1.292112, 7.884591]",0.066563,"[5.896164, 1.540671, 7.995295]",suelo / plano bajo,39,480.744831,9.701872,5.938749,32,0.035556,32,False,diagnostic_rederived
"[0.084256, 0.673851, 0.369427]","[7.523646, -4.374335, -0.784933]","[7.43939, -5.048187, -1.15436]",0.020975,"[7.484426, -4.756349, -0.992269]",suelo / plano bajo,11,1477.974369,8.7975,8.29956,31,0.034444,33,False,diagnostic_rederived
"[1.016485, 0.582219, 0.67185]","[12.412208, 10.031038, 10.161986]","[11.395722, 9.448819, 9.490136]",0.397612,"[11.872387, 9.714397, 9.777515]",suelo / plano bajo,77,72.93534,17.602162,11.140352,29,0.032222,34,False,diagnostic_rederived
"[0.690329, 0.50125, 0.232449]","[-3.079963, 8.979322, -0.452575]","[-3.770292, 8.478072, -0.685024]",0.080434,"[-3.411931, 8.823214, -0.569295]",suelo / plano bajo,30,360.545318,9.214293,12.547141,29,0.032222,35,False,diagnostic_rederived
"[0.264557, 0.464602, 0.291783]","[9.985599, 12.278451, 1.311159]","[9.721042, 11.813848, 1.019376]",0.035864,"[9.840264, 12.067207, 1.164233]",suelo / plano bajo,35,780.724584,14.912956,9.670362,28,0.031111,36,False,diagnostic_rederived
"[0.709764, 0.604326, 0.127307]","[10.929064, -2.465722, 6.801942]","[10.219299, -3.070048, 6.674635]",0.054606,"[10.643687, -2.824725, 6.733466]",suelo / plano bajo,24,494.454478,12.620925,7.933913,27,0.03,37,False,diagnostic_rederived
"[0.254276, 0.447655, 0.279654]","[13.074917, 13.599794, 1.878636]","[12.820641, 13.15214, 1.598982]",0.031832,"[12.965024, 13.399454, 1.742333]",suelo / plano bajo,34,848.192475,18.022443,12.041252,27,0.03,38,False,diagnostic_rederived
"[0.895544, 0.400459, 0.362389]","[-1.559281, -6.940652, -0.582882]","[-2.454826, -7.341111, -0.945272]",0.129963,"[-2.080516, -7.118714, -0.809201]",suelo / plano bajo,19,207.751146,8.084471,13.98442,27,0.03,39,False,diagnostic_rederived
"[0.606561, 0.258845, 0.584999]","[8.938988, 16.076773, 4.012278]","[8.332427, 15.817927, 3.427279]",0.091848,"[8.633475, 15.941316, 3.748769]",suelo / plano bajo,62,283.076445,17.850516,13.256275,26,0.028889,40,False,diagnostic_rederived
"[0.479154, 0.471444, 0.267107]","[-5.099912, 12.869768, -0.525425]","[-5.579066, 12.398324, -0.792532]",0.060338,"[-5.360157, 12.551317, -0.672616]",suelo / plano bajo,87,430.906595,13.417455,16.180738,26,0.028889,41,False,diagnostic_rederived
"[0.635342, 0.252248, 0.209197]","[8.124128, -0.036736, 9.903034]","[7.488786, -0.288985, 9.693837]",0.033527,"[7.800776, -0.149814, 9.779451]",suelo / plano bajo,46,745.672898,12.221344,8.025351,25,0.027778,42,False,diagnostic_rederived
"[0.349429, 0.211373, 0.235779]","[13.230617, -0.345126, 6.868612]","[12.881187, -0.556498, 6.632833]",0.017415,"[13.048816, -0.475019, 6.778263]",suelo / plano bajo,23,1435.577348,14.295744,8.032474,25,0.027778,43,False,diagnostic_rederived
"[0.56195, 0.423221, 0.518544]","[-3.1019, 1.140644, 0.204067]","[-3.66385, 0.717423, -0.314477]",0.123325,"[-3.372333, 0.825595, 0.021873]",suelo / plano bajo,50,202.716808,3.886059,11.030018,25,0.027778,44,False,diagnostic_rederived
"[0.411523, 0.496135, 0.245889]","[-0.116522, 1.445448, -0.894803]","[-0.528045, 0.949312, -1.140692]",0.050203,"[-0.288533, 1.248238, -1.013873]",suelo / plano bajo,90,478.054576,1.486466,8.379973,24,0.026667,45,False,diagnostic_rederived
"[0.472846, 0.651305, 0.527604]","[-5.194426, 8.21003, -0.748265]","[-5.667272, 7.558725, -1.275869]",0.162484,"[-5.466614, 8.047791, -0.927178]",suelo / plano bajo,31,135.397575,9.665883,14.102327,22,0.024444,46,False,diagnostic_rederived
"[0.690033, 0.293473, 0.383387]","[12.285494, 8.634739, 7.915014]","[11.595461, 8.341266, 7.531628]",0.077638,"[12.098783, 8.481108, 7.680319]",suelo / plano bajo,76,270.48551,16.037991,9.169068,21,0.023333,47,False,diagnostic_rederived
"[0.396103, 0.402821, 0.33086]","[4.356644, -3.175446, -1.747272]","[3.960541, -3.578267, -2.078131]",0.052792,"[4.204591, -3.360643, -1.914359]",suelo / plano bajo,48,397.791298,5.682722,8.104347,21,0.023333,48,True,diagnostic_rederived
"[0.446529, 0.389533, 0.314231]","[13.738967, 8.576551, 8.30679]","[13.292438, 8.187018, 7.992559]",0.054657,"[13.555662, 8.413979, 8.14779]",suelo / plano bajo,47,347.623939,17.305139,10.23996,19,0.021111,49,False,diagnostic_rederived
"[0.617465, 0.230707, 0.122146]","[9.659986, -2.005028, 6.815089]","[9.042521, -2.235734, 6.692943]",0.0174,"[9.328542, -2.139711, 6.730862]",suelo / plano bajo,38,1091.946449,11.411211,6.954382,19,0.021111,50,False,diagnostic_rederived
"[0.579802, 0.506907, 0.17385]","[-4.961162, -10.86271, -1.309529]","[-5.540964, -11.369617, -1.483378]",0.051095,"[-5.249483, -11.099699, -1.404456]",suelo / plano bajo,37,371.853903,13.022368,19.072682,19,0.021111,51,False,diagnostic_rederived
"[0.519026, 0.404969, 0.20006]","[2.689116, -2.053925, -0.955896]","[2.17009, -2.458894, -1.155955]",0.04205,"[2.437032, -2.264224, -1.051]",suelo / plano bajo,89,428.057986,3.535198,7.775483,18,0.02,52,False,diagnostic_rederived
"[0.193852, 0.270965, 0.154754]","[11.022035, 15.31922, 5.489698]","[10.828182, 15.048255, 5.334944]",0.008129,"[10.93318, 15.179495, 5.409015]",suelo / plano bajo,70,2214.350364,18.804155,13.248522,18,0.02,53,False,diagnostic_rederived
"[0.316894, 0.188615, 0.225301]","[-4.477648, 15.525253, -0.447668]","[-4.794542, 15.336638, -0.672969]",0.013466,"[-4.636735, 15.452582, -0.55191]",suelo / plano bajo,26,1262.399082,15.819935,17.556206,17,0.018889,54,False,diagnostic_rederived
"[0.210241, 0.256802, 0.15325]","[11.15798, 6.000537, 7.742216]","[10.947739, 5.743735, 7.588966]",0.008274,"[11.05219, 5.862572, 7.673038]",suelo / plano bajo,42,2054.618582,14.106077,7.22244,17,0.018889,55,False,diagnostic_rederived
"[0.14965, 0.282063, 0.264141]","[12.755139, 12.22606, 5.038908]","[12.60549, 11.943997, 4.774767]",0.01115,"[12.683063, 12.114613, 4.89524]",suelo / plano bajo,74,1524.729262,17.529678,11.064724,17,0.018889,56,False,diagnostic_rederived
"[0.824003, 0.755021, 0.503864]","[9.960093, -5.143939, 1.305548]","[9.13609, -5.898959, 0.801684]",0.313474,"[9.518995, -5.494917, 1.097277]",suelo / plano bajo,3,54.231001,10.885096,8.731901,17,0.018889,57,False,diagnostic_rederived
"[0.545099, 0.203981, 0.156528]","[8.629464, 6.685389, 7.486245]","[8.084365, 6.481408, 7.329717]",0.017404,"[8.349477, 6.589023, 7.412404]",suelo / plano bajo,93,919.311757,12.394927,6.401072,16,0.017778,58,False,diagnostic_rederived
"[0.229976, 0.277875, 0.439185]","[10.333898, 12.578827, 2.25116]","[10.103922, 12.300952, 1.811976]",0.028066,"[10.237976, 12.458508, 2.092191]",suelo / plano bajo,68,570.087594,15.563141,10.089242,16,0.017778,59,False,diagnostic_rederived
"[0.144844, 0.691435, 0.277661]","[3.996547, -6.869179, 0.120772]","[3.851704, -7.560615, -0.156889]",0.027808,"[3.921372, -7.273245, -0.040529]",suelo / plano bajo,53,575.379729,8.492983,10.898554,16,0.017778,60,False,diagnostic_rederived
"[0.54772, 0.416256, 0.323439]","[7.859721, 12.235171, 0.997923]","[7.312001, 11.818915, 0.674484]",0.073741,"[7.614025, 12.002565, 0.841158]",suelo / plano bajo,5,203.413499,13.550864,9.299845,15,0.016667,61,False,diagnostic_rederived
"[0.253159, 0.182087, 0.401495]","[12.889554, 3.961268, -3.336952]","[12.636395, 3.779181, -3.738447]",0.018508,"[12.769974, 3.862275, -3.486959]",suelo / plano bajo,17,810.473981,13.191514,8.121498,15,0.016667,62,False,diagnostic_rederived
"[0.47331, 0.103458, 0.205246]","[3.364015, 6.196196, 7.356363]","[2.890705, 6.092738, 7.151117]",0.01005,"[3.122889, 6.138359, 7.243367]",suelo / plano bajo,45,1492.467721,9.546571,7.184657,15,0.016667,63,False,diagnostic_rederived
"[0.566691, 0.23448, 0.116024]","[1.764811, 5.62676, 7.798647]","[1.19812, 5.39228, 7.682623]",0.015417,"[1.450522, 5.506345, 7.735156]",suelo / plano bajo,91,972.952752,9.262809,8.330381,15,0.016667,64,False,diagnostic_rederived
"[0.508698, 0.345121, 0.344254]","[13.023766, 10.083266, 2.117888]","[12.515067, 9.738145, 1.773634]",0.060438,"[12.749531, 9.875182, 1.895583]",suelo / plano bajo,72,231.64161,15.541501,8.964021,14,0.015556,65,False,diagnostic_rederived
"[0.281348, 0.644644, 0.273878]","[5.960881, -8.252519, 0.06929]","[5.679533, -8.897162, -0.204588]",0.049673,"[5.765894, -8.621167, -0.100761]",suelo / plano bajo,2,281.842944,10.532592,11.805562,14,0.015556,66,False,diagnostic_rederived
"[0.260228, 0.298713, 0.140529]","[10.93375, 8.416254, 8.774067]","[10.673522, 8.117541, 8.633538]",0.010924,"[10.802099, 8.269219, 8.698315]",suelo / plano bajo,78,1281.607542,15.56132,9.090442,14,0.015556,67,False,diagnostic_rederived
"[0.202688, 0.255133, 0.12153]","[16.685633, -1.447321, -5.300554]","[16.482944, -1.702453, -5.422084]",0.006285,"[16.579137, -1.600286, -5.351082]",suelo / plano bajo,25,2227.664337,17.075829,12.907812,14,0.015556,68,False,diagnostic_rederived
"[0.37925, 0.620795, 0.140575]","[-4.739742, 10.687743, -0.789071]","[-5.118992, 10.066948, -0.929646]",0.033096,"[-4.937759, 10.379272, -0.872647]",suelo / plano bajo,29,423.006316,11.310648,14.667167,14,0.015556,69,False,diagnostic_rederived
"[0.223551, 0.234599, 0.163535]","[11.007536, 14.364877, 3.787489]","[10.783985, 14.130278, 3.623954]",0.008577,"[10.899299, 14.225842, 3.718996]",suelo / plano bajo,69,1632.359026,17.617465,12.04832,14,0.015556,70,False,diagnostic_rederived
"[0.371666, 0.473998, 0.492921]","[12.77076, 7.395736, 7.551916]","[12.399094, 6.921738, 7.058995]",0.086837,"[12.619542, 7.27215, 7.340286]",suelo / plano bajo,22,149.705166,15.704303,8.586395,13,0.014444,71,False,diagnostic_rederived
"[0.189952, 0.322211, 0.110949]","[10.462082, 0.450081, 2.971324]","[10.27213, 0.12787, 2.860374]",0.006791,"[10.357542, 0.265184, 2.929298]",suelo / plano bajo,21,1914.409668,10.286256,4.096498,13,0.014444,72,False,diagnostic_rederived
"[0.386739, 0.065584, 0.112309]","[-1.07574, -8.347385, -0.810285]","[-1.462479, -8.41297, -0.922594]",0.002849,"[-1.26245, -8.372117, -0.868667]",suelo / plano bajo,16,4563.640106,9.087094,14.419393,13,0.014444,73,False,diagnostic_rederived
"[0.450777, 0.272781, 0.103733]","[0.373585, 3.199355, 7.972894]","[-0.077192, 2.926574, 7.869161]",0.012755,"[0.141227, 3.065047, 7.921205]",suelo / plano bajo,43,1019.181898,8.333887,9.009454,13,0.014444,74,False,diagnostic_rederived
"[0.713487, 0.323565, 0.096856]","[11.033144, 14.370989, 5.522821]","[10.319657, 14.047423, 5.425965]",0.02236,"[10.660678, 14.210644, 5.494256]",suelo / plano bajo,71,581.390922,17.927855,12.293108,13,0.014444,75,False,diagnostic_rederived
"[0.717957, 0.581949, 0.165508]","[3.888751, 4.575033, -6.281276]","[3.170794, 3.993084, -6.446784]",0.069152,"[3.586376, 4.334971, -6.383668]",suelo / plano bajo,64,187.992334,8.061262,9.579741,13,0.014444,76,False,diagnostic_rederived
"[0.260314, 0.267466, 0.123526]","[7.28952, 12.041456, 1.469271]","[7.029206, 11.773991, 1.345744]",0.008601,"[7.145474, 11.898978, 1.402127]",suelo / plano bajo,82,1511.535573,13.268948,9.114152,13,0.014444,77,False,diagnostic_rederived
"[0.213167, 0.595835, 0.216594]","[-3.056703, 2.553276, -0.162751]","[-3.26987, 1.957441, -0.379345]",0.02751,"[-3.174989, 2.146146, -0.261187]",suelo / plano bajo,52,472.552083,4.035289,10.740413,13,0.014444,78,False,diagnostic_rederived
"[0.268656, 0.062347, 0.113154]","[1.68101, -6.796343, 0.584431]","[1.412354, -6.85869, 0.471277]",0.001895,"[1.552751, -6.829166, 0.529667]",suelo / plano bajo,36,6859.018454,7.423308,11.350335,13,0.014444,79,False,diagnostic_rederived
"[0.372108, 0.211781, 0.088408]","[4.13039, -0.893915, 9.244486]","[3.758283, -1.105696, 9.156077]",0.006967,"[3.92912, -0.986474, 9.197719]",suelo / plano bajo,92,1722.38819,9.928067,8.502277,12,0.013333,80,False,diagnostic_rederived
"[0.226687, 0.320146, 0.194015]","[-4.195832, 11.955821, -0.648031]","[-4.422519, 11.635675, -0.842047]",0.01408,"[-4.297877, 11.768172, -0.736684]",suelo / plano bajo,94,852.2581,12.269231,14.899799,12,0.013333,81,False,diagnostic_rederived
"[0.360817, 0.156925, 0.189616]","[-1.181783, -0.968521, -0.87822]","[-1.5426, -1.125446, -1.067836]",0.010736,"[-1.377193, -1.031817, -0.962825]",suelo / plano bajo,28,1117.704616,2.607173,9.992479,12,0.013333,82,False,diagnostic_rederived
"[0.341538, 0.185242, 0.072306]","[8.428469, -5.072181, 1.141534]","[8.08693, -5.257423, 1.069228]",0.004575,"[8.242364, -5.182736, 1.107665]",suelo / plano bajo,4,2404.587081,9.66771,8.177783,11,0.012222,83,False,diagnostic_rederived
"[0.309723, 0.159991, 0.105393]","[14.452914, 3.79082, 7.008129]","[14.143191, 3.630829, 6.902736]",0.005223,"[14.260888, 3.696387, 6.948433]",suelo / plano bajo,44,2106.264467,15.743559,8.452384,11,0.012222,84,False,diagnostic_rederived
"[0.356091, 0.648594, 0.24887]","[15.15787, 14.572675, 2.031597]","[14.80178, 13.924081, 1.782727]",0.057479,"[15.04054, 14.290656, 1.932616]",suelo / plano bajo,33,191.375339,20.133169,13.877209,11,0.012222,85,False,diagnostic_rederived
"[0.476861, 0.739035, 0.259738]","[8.560151, -9.532308, -0.114311]","[8.08329, -10.271342, -0.374049]",0.091536,"[8.218679, -9.851744, -0.266802]",suelo / plano bajo,86,120.171356,12.915409,12.992566,11,0.012222,86,False,diagnostic_rederived
"[0.187531, 0.132113, 0.170675]","[10.866384, 15.654787, 3.849502]","[10.678853, 15.522674, 3.678828]",0.004229,"[10.765575, 15.582139, 3.74706]",suelo / plano bajo,66,2601.38648,18.625075,13.304589,11,0.012222,87,False,diagnostic_rederived
"[0.665236, 0.52858, 0.104622]","[6.134408, -2.953525, 1.284077]","[5.469173, -3.482105, 1.179455]",0.036788,"[5.902716, -3.31909, 1.236588]",suelo / plano bajo,96,299.009246,6.73082,6.391417,11,0.012222,88,False,diagnostic_rederived
"[0.16235, 0.248143, 0.088821]","[13.133646, 5.710207, 7.843516]","[12.971296, 5.462065, 7.754694]",0.003578,"[13.043247, 5.604242, 7.808502]",suelo / plano bajo,41,3074.128282,15.631988,8.446969,11,0.012222,89,False,diagnostic_rederived
"[0.196161, 0.191955, 0.203926]","[10.791527, -4.571961, 1.660232]","[10.595366, -4.763916, 1.456306]",0.007679,"[10.714116, -4.658575, 1.596993]",suelo / plano bajo,6,1432.544372,11.553763,8.302521,11,0.012222,90,False,diagnostic_rederived
"[0.20559, 0.713269, 0.04871]","[11.891564, 3.209657, 6.525277]","[11.685974, 2.496388, 6.476567]",0.007143,"[11.809624, 2.915647, 6.500511]",suelo / plano bajo,9,1539.996444,13.266483,6.187067,11,0.012222,91,False,diagnostic_rederived
"[0.150393, 0.251911, 0.097733]","[0.107614, 9.154594, -0.483028]","[-0.042779, 8.902683, -0.580761]",0.003703,"[0.031613, 9.041589, -0.540426]",suelo / plano bajo,84,2700.738675,8.571475,9.927863,10,0.011111,92,False,diagnostic_rederived
"[0.12234, 0.095288, 0.565321]","[10.106339, -6.205707, -1.620421]","[9.983999, -6.300995, -2.185742]",0.00659,"[10.052684, -6.261175, -1.955098]",suelo / plano bajo,85,1517.386899,11.865483,10.455478,10,0.011111,93,False,diagnostic_rederived
"[0.509003, 0.316364, 0.25518]","[13.732831, 11.429987, 3.27434]","[13.223828, 11.113623, 3.019161]",0.041092,"[13.429601, 11.286282, 3.163437]",suelo / plano bajo,73,243.358459,17.132595,10.518888,10,0.011111,94,False,diagnostic_rederived
"[0.429544, 0.305028, 0.197857]","[-2.972665, 9.961376, -0.575614]","[-3.402209, 9.656348, -0.77347]",0.025924,"[-3.146414, 9.796164, -0.65276]",suelo / plano bajo,95,385.746224,10.007052,12.843271,10,0.011111,95,False,diagnostic_rederived
"[0.071883, 0.378043, 0.259043]","[3.021326, 11.705656, 1.191469]","[2.949443, 11.327613, 0.932427]",0.007039,"[2.987841, 11.549994, 1.072748]",suelo / plano bajo,56,1420.561569,11.377281,9.77248,10,0.011111,96,False,diagnostic_rederived
"[0.294625, 0.214153, 0.128521]","[8.860544, -4.540933, 1.329232]","[8.565919, -4.755086, 1.20071]",0.008109,"[8.686185, -4.661962, 1.270421]",suelo / plano bajo,8,1233.191301,9.760812,7.715092,10,0.011111,97,False,diagnostic_rederived
