dataset,cluster_id,rank_by_current_heuristic,pipeline_selected,point_count,point_ratio_input,bbox_extent_xyz,bbox_volume_m3,centroid,density_points_per_m3,distance_to_global_center_m,distance_to_ground_plane_m,convex_hull_volume_m3,occupancy_ratio,count_ratio_to_main,plausible_woodpile,passes_min_component_ratio,discard_reasons
set1,14,1,True,12247,0.389226,"[7.105177, 5.447449, 3.469413]",134.283931,"[6.312674, 1.958857, 0.192722]",91.202275,4.410151,23.940041,21.856377,0.091133,1.0,True,True,[]
set1,1,2,False,7156,0.227427,"[3.216189, 7.765318, 0.820351]",20.488038,"[2.918005, -5.0966, -4.254787]",349.276975,4.829144,20.755098,10.189723,0.291466,0.584306,False,True,"['axis_ratio_exceeds_max_component_axis_ratio', 'not_plausible_woodpile']"
set1,0,3,True,3552,0.112887,"[4.697708, 3.038216, 0.592068]",8.450375,"[7.406566, -3.003147, -4.200375]",420.336368,3.111914,20.912039,4.262512,0.331984,0.29003,True,True,[]
set1,2,4,False,2402,0.076339,"[3.966999, 4.808139, 6.933174]",132.242558,"[7.687205, -5.93787, -0.598727]",18.163593,4.765763,22.170396,7.328595,0.024442,0.19613,True,True,['not_in_top_max_components_after_ranking']
set1,7,5,False,533,0.016939,"[1.223268, 1.371504, 1.810712]",3.037861,"[4.243972, -9.474578, -0.386302]",175.452396,7.900422,24.240832,0.794528,0.279167,0.043521,True,False,['below_min_component_ratio']
set1,41,6,False,450,0.014302,"[2.035449, 1.864668, 1.273149]",4.832154,"[-6.742779, 12.571983, -24.756315]",93.126164,29.704466,0.0,0.50261,0.12963,0.036744,True,False,['below_min_component_ratio']
set1,31,7,False,417,0.013253,"[2.648789, 1.477246, 1.311866]",5.133218,"[9.171352, -0.902606, -0.499681]",81.235588,3.934944,24.361037,0.694809,0.133838,0.034049,True,False,['below_min_component_ratio']
set1,10,8,False,407,0.012935,"[0.729422, 1.606479, 1.548159]",1.814134,"[12.719302, -9.805563, 5.246768]",224.349444,12.845358,29.8946,0.450522,0.37415,0.033233,True,False,['below_min_component_ratio']
set1,20,9,False,373,0.011854,"[0.910968, 1.732847, 0.985752]",1.556076,"[6.248658, -8.328468, -2.870392]",239.70557,6.577334,22.085573,0.441389,0.375,0.030456,True,False,['below_min_component_ratio']
set1,13,10,False,321,0.010202,"[0.40257, 1.607521, 1.749164]",1.131954,"[12.891567, -3.539129, 4.785599]",283.580537,10.031536,29.259813,0.298057,0.336735,0.026211,True,False,['below_min_component_ratio']
set1,8,11,False,261,0.008295,"[0.961979, 1.447681, 0.981067]",1.366273,"[5.621415, -8.961895, -1.736457]",191.030682,7.11487,23.22356,0.361024,0.375,0.021311,True,False,['below_min_component_ratio']
set1,34,12,False,220,0.006992,"[1.175318, 0.940894, 0.350668]",0.387786,"[-0.187486, 0.700182, 0.732372]",567.322903,6.88195,25.98847,0.110188,0.5,0.017964,True,False,['below_min_component_ratio']
set1,18,13,False,122,0.003877,"[0.853112, 0.280608, 0.889526]",0.212944,"[5.606638, -10.052223, -2.325267]",572.920867,8.212637,22.497224,0.065025,0.46875,0.009962,True,False,['below_min_component_ratio']
set1,39,14,False,109,0.003464,"[0.981534, 1.243075, 0.478683]",0.58405,"[9.765876, 0.110609, -0.672866]",186.62773,4.746986,24.477422,0.025463,0.325,0.0089,True,False,['below_min_component_ratio']
set1,16,15,False,87,0.002765,"[0.237509, 1.937505, 0.815638]",0.375337,"[6.371509, -0.407918, 1.891007]",231.79195,4.144693,26.844129,0.003901,0.34375,0.007104,False,False,"['below_min_component_ratio', 'axis_ratio_exceeds_max_component_axis_ratio', 'not_plausible_woodpile']"
set1,9,16,False,85,0.002701,"[0.397421, 0.715069, 0.204023]",0.05798,"[9.437019, -9.664008, -3.114055]",1466.022612,8.775019,22.140624,0.021062,1.0,0.00694,True,False,['below_min_component_ratio']
set1,32,17,False,74,0.002352,"[0.800401, 0.773469, 0.470324]",0.29117,"[10.418587, 0.586825, 0.863145]",254.146773,6.054417,25.965662,0.023565,0.3125,0.006042,True,False,['below_min_component_ratio']
set1,46,18,False,73,0.00232,"[0.4563, 0.748058, 0.264118]",0.090154,"[-12.111039, 11.154397, -7.061432]",809.728837,22.586437,18.183927,0.011025,0.5,0.005961,True,False,['below_min_component_ratio']
set1,6,19,False,70,0.002225,"[0.437719, 0.502843, 0.571223]",0.125728,"[4.594324, -6.897539, -4.333025]",556.755926,5.688418,20.752638,0.028735,0.444444,0.005716,True,False,['below_min_component_ratio']
set1,40,20,False,70,0.002225,"[0.567951, 0.449083, 0.302582]",0.077176,"[-6.473414, 10.602104, -24.861582]",907.020913,28.768829,0.31195,0.013313,0.833333,0.005716,True,False,['below_min_component_ratio']
set1,11,21,False,66,0.002098,"[0.546235, 0.525138, 0.28278]",0.081115,"[7.921708, -3.290442, -0.292273]",813.658697,3.162375,24.908858,0.018848,0.388889,0.005389,True,False,['below_min_component_ratio']
set1,29,22,False,61,0.001939,"[0.256345, 0.469305, 0.233007]",0.028032,"[6.172422, -4.777523, -5.572443]",2176.113592,4.710583,19.684853,0.010352,0.75,0.004981,True,False,['below_min_component_ratio']
set1,47,23,False,59,0.001875,"[0.398407, 0.139699, 0.676904]",0.037674,"[9.282961, -9.91899, -2.049338]",1566.048065,8.859922,22.966218,0.006262,0.833333,0.004818,True,False,['below_min_component_ratio']
set1,35,24,False,59,0.001875,"[0.895739, 0.134785, 0.13448]",0.016236,"[-0.992748, -6.618323, 2.566402]",3633.87643,9.312304,27.875506,0.005909,1.0,0.004818,True,False,['below_min_component_ratio']
set1,25,25,False,58,0.001843,"[0.815396, 0.683674, 0.314841]",0.175513,"[7.100629, -7.898418, -3.364533]",330.46054,6.390548,21.85215,0.041991,0.458333,0.004736,True,False,['below_min_component_ratio']
set1,56,26,False,55,0.001748,"[0.212358, 0.582942, 0.218995]",0.02711,"[8.451657, -5.216756, -1.60695]",2028.779865,4.406407,23.631882,0.008357,1.0,0.004491,True,False,['below_min_component_ratio']
set1,19,27,False,55,0.001748,"[0.32449, 0.356036, 0.333194]",0.038494,"[3.385321, -8.811952, -4.123148]",1428.795007,7.638238,21.075061,0.005365,0.625,0.004491,True,False,['below_min_component_ratio']
set1,28,28,False,48,0.001526,"[0.477299, 0.512717, 0.348733]",0.085342,"[7.435086, -4.690038, -1.531799]",562.443633,3.389768,23.619232,0.010394,0.416667,0.003919,True,False,['below_min_component_ratio']
set1,3,29,False,48,0.001526,"[0.536871, 0.29086, 0.217518]",0.033967,"[8.179213, -4.930918, -3.906276]",1413.156385,4.465648,21.367814,0.0081,0.833333,0.003919,True,False,['below_min_component_ratio']
set1,23,30,False,46,0.001462,"[0.156031, 0.517404, 0.713566]",0.057607,"[3.782108, -9.254349, 1.261175]",798.514119,8.268916,26.326009,0.003759,0.666667,0.003756,True,False,['below_min_component_ratio']
set1,52,31,False,46,0.001462,"[0.258842, 1.162685, 0.213255]",0.064179,"[10.409982, -0.625433, 0.413573]",716.740396,5.461989,25.676656,0.000518,0.6,0.003756,True,False,['below_min_component_ratio']
set1,4,32,False,42,0.001335,"[0.325904, 0.465371, 0.13466]",0.020423,"[8.07346, -5.618191, -3.940957]",2056.463,4.925456,21.369221,0.00506,0.75,0.003429,True,False,['below_min_component_ratio']
set1,12,33,False,42,0.001335,"[0.175586, 0.443131, 0.3539]",0.027536,"[10.473847, -6.066016, -1.640251]",1525.268415,6.430385,23.556803,0.008045,1.0,0.003429,True,False,['below_min_component_ratio']
set1,22,34,False,40,0.001271,"[0.629641, 0.270942, 0.374861]",0.06395,"[10.279235, -10.752286, 3.171435]",625.490051,11.262992,28.338241,0.010158,0.5,0.003266,True,False,['below_min_component_ratio']
set1,5,35,False,39,0.001239,"[0.230843, 0.313714, 0.477938]",0.034612,"[9.921105, -11.287581, 7.106558]",1126.791188,13.749481,32.158221,0.006276,0.75,0.003184,True,False,['below_min_component_ratio']
set1,30,36,False,39,0.001239,"[0.901231, 0.17573, 0.220987]",0.034999,"[0.660041, 4.162128, 3.997077]",1114.331402,9.790713,29.212756,0.009835,1.0,0.003184,True,False,['below_min_component_ratio']
set1,24,37,False,35,0.001112,"[0.215511, 0.258162, 0.254652]",0.014168,"[6.949263, -8.519322, -1.349891]",2470.357626,6.823734,23.895319,0.003295,0.75,0.002858,True,False,['below_min_component_ratio']
set1,36,38,False,35,0.001112,"[0.095427, 0.476718, 0.108026]",0.004914,"[1.12705, 1.171747, 0.771798]",7122.074655,6.053112,26.088185,0.001907,1.0,0.002858,True,False,['below_min_component_ratio']
set1,17,39,False,35,0.001112,"[0.332868, 0.39173, 0.247459]",0.032267,"[4.405171, -10.256291, -1.550209]",1084.690305,8.503336,23.712949,0.004717,1.0,0.002858,True,False,['below_min_component_ratio']
set1,55,40,False,33,0.001049,"[0.228569, 0.342235, 0.167176]",0.013077,"[16.31351, -4.499804, 5.900533]",2523.467704,13.506664,31.202406,0.002832,1.0,0.002695,True,False,['below_min_component_ratio']
set1,27,41,False,33,0.001049,"[0.138021, 0.31797, 0.422736]",0.018552,"[5.369878, -3.963871, 5.702606]",1778.749756,7.917452,30.846543,0.003086,0.75,0.002695,True,False,['below_min_component_ratio']
set1,50,42,False,31,0.000985,"[0.286189, 0.224416, 0.300908]",0.019326,"[8.779839, 3.398515, -1.650045]",1604.059839,6.128248,23.567512,0.000594,0.75,0.002531,True,False,['below_min_component_ratio']
set1,37,43,False,28,0.00089,"[0.231221, 0.268377, 0.599526]",0.037203,"[2.766831, -9.450824, -2.916941]",752.624011,8.18229,22.11605,0.000899,0.833333,0.002286,True,False,['below_min_component_ratio']
set1,43,44,False,28,0.00089,"[0.216143, 0.179311, 0.299363]",0.011602,"[9.55723, 3.251912, -2.790905]",2413.305108,6.497935,22.386932,0.000889,1.0,0.002286,True,False,['below_min_component_ratio']
set1,26,45,False,28,0.00089,"[0.161845, 0.279366, 0.228982]",0.010353,"[5.898256, -5.5495, -1.497413]",2704.474199,3.734275,23.767677,0.002158,1.0,0.002286,True,False,['below_min_component_ratio']
set1,49,46,False,27,0.000858,"[0.174402, 0.306074, 0.094497]",0.005044,"[9.936536, -5.463224, 2.05185]",5352.645996,6.886891,27.360491,0.001608,1.0,0.002205,True,False,['below_min_component_ratio']
set1,48,47,False,24,0.000763,"[0.197894, 0.197662, 0.069691]",0.002726,"[7.662933, -9.157556, -2.477024]",8803.928901,7.606549,22.855817,0.000943,1.0,0.00196,True,False,['below_min_component_ratio']
set1,53,48,False,24,0.000763,"[0.19205, 0.201914, 0.295745]",0.011468,"[5.777152, 4.710222, -0.309763]",2092.721188,6.75681,24.904596,0.000281,1.0,0.00196,True,False,['below_min_component_ratio']
set1,44,49,False,24,0.000763,"[0.329784, 0.179705, 0.332144]",0.019684,"[-3.203628, 9.237275, -23.374499]",1219.260774,25.711223,1.823485,0.001549,1.0,0.00196,True,False,['below_min_component_ratio']
set1,51,50,False,24,0.000763,"[0.168932, 0.201716, 0.24341]",0.008295,"[6.89207, -10.215801, 0.994578]",2893.476748,8.950281,26.239586,0.00126,1.0,0.00196,True,False,['below_min_component_ratio']
set1,15,51,False,24,0.000763,"[0.254758, 0.121627, 0.261289]",0.008096,"[1.398833, 1.110877, -2.199314]",2964.359884,5.168996,22.996347,0.001064,0.75,0.00196,True,False,['below_min_component_ratio']
set1,42,52,False,24,0.000763,"[0.201975, 0.233932, 0.180242]",0.008516,"[9.28546, -9.125717, -1.209633]",2818.174837,8.175327,24.058278,0.000777,1.0,0.00196,True,False,['below_min_component_ratio']
set1,57,53,False,22,0.000699,"[0.326717, 0.219264, 0.081185]",0.005816,"[8.796479, 0.040214, -4.784052]",3782.755231,4.669216,20.526567,0.001174,1.0,0.001796,True,False,['below_min_component_ratio']
set1,54,54,False,22,0.000699,"[0.260617, 0.160743, 0.153323]",0.006423,"[8.95302, 0.123439, -0.541784]",3425.16275,4.106284,24.730129,0.000549,1.0,0.001796,True,False,['below_min_component_ratio']
set1,21,55,False,22,0.000699,"[0.235848, 0.20891, 0.180494]",0.008893,"[9.500821, -11.757012, 6.475238]",2473.830115,13.553394,31.737465,0.00194,1.0,0.001796,True,False,['below_min_component_ratio']
set1,45,56,False,21,0.000667,"[0.300416, 0.212215, 0.151366]",0.00965,"[6.25082, 4.601286, -0.909516]",2176.155722,6.559598,24.3704,0.000163,1.0,0.001715,True,False,['below_min_component_ratio']
set1,33,57,False,21,0.000667,"[0.346657, 0.098225, 0.084037]",0.002861,"[-0.298384, -6.232148, -1.780534]",7338.88047,7.371555,23.531143,0.000922,1.0,0.001715,True,False,['below_min_component_ratio']
set1,38,58,False,20,0.000636,"[0.120338, 0.248449, 0.218125]",0.006521,"[5.001651, -5.909955, -0.654525]",3066.792979,4.299728,24.611429,0.001016,1.0,0.001633,True,False,['below_min_component_ratio']
set1,59,59,False,20,0.000636,"[0.110752, 0.443322, 0.151513]",0.007439,"[9.563229, -5.380473, -2.980326]",2688.490068,5.392485,22.270942,0.001718,1.0,0.001633,True,False,['below_min_component_ratio']
set1,58,60,False,20,0.000636,"[0.635122, 0.107206, 0.029607]",0.002016,"[11.759385, 0.595177, 0.735754]",9921.235687,7.116854,26.087901,0.000493,1.0,0.001633,False,False,"['below_min_component_ratio', 'axis_ratio_exceeds_max_component_axis_ratio', 'not_plausible_woodpile']"
set2,4,1,True,2609,0.62119,"[5.587158, 4.773677, 1.677443]",44.739571,"[4.535162, -7.556376, -6.443642]",58.315266,2.427947,0.0,7.521986,0.085714,1.0,True,True,[]
set2,8,2,True,669,0.159286,"[1.478958, 1.249594, 1.75021]",3.234557,"[0.084897, 0.003074, -1.144911]",206.828934,8.116583,4.986623,0.95863,0.2625,0.25642,True,True,[]
set2,7,3,False,276,0.065714,"[1.620851, 2.059441, 0.122443]",0.408722,"[10.256769, -5.685756, -6.671085]",675.275848,5.948137,0.641355,0.110282,0.396825,0.105788,False,True,"['axis_ratio_exceeds_max_component_axis_ratio', 'not_plausible_woodpile']"
set2,2,4,False,61,0.014524,"[0.509171, 1.092576, 0.175358]",0.097553,"[3.663998, -4.342705, -5.778475]",625.299113,1.501891,1.495261,0.021171,0.6,0.023381,True,False,['below_min_component_ratio']
set2,6,5,False,55,0.013095,"[1.282664, 0.099251, 0.060406]",0.00769,"[10.220678, -4.470693, -6.618128]",7152.100176,5.978809,0.720984,0.001354,1.0,0.021081,False,False,"['below_min_component_ratio', 'axis_ratio_exceeds_max_component_axis_ratio', 'not_plausible_woodpile']"
set2,1,6,False,50,0.011905,"[0.157358, 1.256088, 0.104768]",0.020708,"[10.566389, 1.132621, -0.38423]",2414.529401,10.184163,6.945306,0.003155,1.0,0.019164,False,False,"['below_min_component_ratio', 'axis_ratio_exceeds_max_component_axis_ratio', 'not_plausible_woodpile']"
set2,10,7,False,38,0.009048,"[0.113434, 0.76614, 0.034425]",0.002992,"[8.163775, 1.144118, 0.20792]",12701.378628,9.302353,7.561217,0.000971,1.0,0.014565,False,False,"['below_min_component_ratio', 'axis_ratio_exceeds_max_component_axis_ratio', 'not_plausible_woodpile']"
set2,0,8,False,31,0.007381,"[0.13565, 0.503334, 0.039234]",0.002679,"[9.393793, 0.919736, -0.085959]",11572.449659,9.542513,7.267113,0.000873,1.0,0.011882,False,False,"['below_min_component_ratio', 'axis_ratio_exceeds_max_component_axis_ratio', 'not_plausible_woodpile']"
set2,3,9,False,31,0.007381,"[0.212496, 0.693801, 0.208659]",0.030763,"[2.6934, -4.72597, -5.562845]",1007.717568,1.975207,1.658457,0.002334,1.0,0.011882,True,False,['below_min_component_ratio']
set2,9,10,False,21,0.005,"[0.287933, 0.284653, 0.017954]",0.001472,"[10.888285, -6.94465, -6.712672]",14270.654311,6.732763,0.650611,0.000227,1.0,0.008049,False,False,"['below_min_component_ratio', 'axis_ratio_exceeds_max_component_axis_ratio', 'not_plausible_woodpile']"
set2,5,11,False,17,0.004048,"[0.278663, 0.276523, 0.327221]",0.025215,"[3.358942, -6.752611, -5.984453]",674.213053,1.882354,1.144019,0.002318,0.5,0.006516,False,False,"['below_min_component_ratio', 'not_plausible_woodpile']"
